Code département,département,circonscription,Inscrits,Votants,Exprimés,Blancs et nuls,Nicolas DUPONT-AIGNAN (DLF),Marine LE PEN (FN),Emmanuel MACRON (EM),Benoît HAMON (PS),Nathalie ARTHAUD (LO),Philippe POUTOU (NPA),Jacques CHEMINADE (SP),Jean LASSALLE (Résistons),Jean-Luc MÉLENCHON (LFI),François ASSELINEAU (UPR),François FILLON (LR)
1,Ain,1,82652,66654,64890,1764,4106,16500,14403,3712,401,614,119,732,10221,622,13460
1,Ain,2,93332,76590,74756,1834,4507,19319,17395,3625,382,588,129,598,11711,788,15714
1,Ain,3,75427,58738,57446,1292,2979,10700,14550,3238,272,592,106,614,9695,812,13888
1,Ain,4,89262,73259,71203,2056,4818,19428,15692,3321,414,637,136,699,9739,570,15749
1,Ain,5,75213,59138,57504,1634,3378,15508,11652,2815,373,667,105,822,10370,820,10994
2,Aisne,1,72292,57736,56349,1387,2859,20175,10470,2583,608,627,97,466,9282,421,8761
2,Aisne,2,73948,57729,56280,1449,2773,18356,10920,2398,481,614,92,399,10080,343,9824
2,Aisne,3,68126,53788,52281,1507,2625,20901,7977,2108,543,593,99,443,7987,354,8651
2,Aisne,4,79155,60526,59069,1457,2891,20974,10746,2508,532,630,109,431,10755,503,8990
2,Aisne,5,82231,65790,64161,1629,3503,22364,11567,2633,599,692,139,525,10846,550,10743
3,Allier,1,89715,71544,68974,2570,3525,15318,16276,3949,594,835,134,904,14043,473,12923
3,Allier,2,84644,65084,62896,2188,3037,13669,14692,3588,544,795,114,998,14077,491,10891
3,Allier,3,79149,62605,60590,2015,3233,14017,14683,3082,402,692,105,1084,10191,458,12643
4,Alpes-de-Haute-Provence,1,61220,49935,48645,1290,2388,12815,9565,2438,279,615,106,899,10737,457,8346
4,Alpes-de-Haute-Provence,2,65358,52320,51069,1251,2473,11648,10395,2545,242,563,99,822,11711,475,10096
5,Hautes-Alpes,1,57744,46753,45614,1139,2550,10302,10204,2710,234,533,66,767,9528,465,8255
5,Hautes-Alpes,2,52163,42333,41313,1020,2388,8172,8744,2399,177,516,99,842,9268,318,8390
6,Alpes-Maritimes,1,80459,61014,59842,1172,1952,14144,12581,2701,188,347,74,491,10658,636,16070
6,Alpes-Maritimes,2,85688,68643,67115,1528,3238,19996,12398,2549,251,511,155,795,10998,693,15531
6,Alpes-Maritimes,3,89098,68427,67103,1324,2588,18031,13254,2772,218,412,97,572,11895,731,16533
6,Alpes-Maritimes,4,85748,67327,65930,1397,2939,21772,10584,1997,237,475,104,730,9820,711,16561
6,Alpes-Maritimes,5,87923,69477,68090,1387,2908,20800,12499,2353,184,381,82,699,10591,688,16905
6,Alpes-Maritimes,6,78084,62975,61691,1284,2988,18287,11529,1862,138,324,100,479,7510,616,17858
6,Alpes-Maritimes,7,92847,75090,73654,1436,3282,16532,16064,2913,183,445,131,617,9857,775,22855
6,Alpes-Maritimes,8,82014,63507,62327,1180,2400,16682,11025,1774,161,338,106,403,8183,614,20641
6,Alpes-Maritimes,9,79900,63398,62180,1218,2880,16897,12019,2146,169,389,90,476,8429,603,18082
7,Ardèche,1,77905,62826,61074,1752,2876,15434,12951,3803,405,795,112,1134,13663,705,9196
7,Ardèche,2,93041,76526,72850,3676,4507,16746,16807,4259,507,894,127,1136,13388,664,13815
7,Ardèche,3,78312,63288,61632,1656,2543,13125,12562,3695,391,913,132,1276,15571,600,10824
8,Ardennes,1,73335,57772,56478,1294,3235,18228,10616,2647,495,606,108,520,9044,447,10532
8,Ardennes,2,63879,47830,46687,1143,2191,15078,8439,2599,421,565,95,400,9969,344,6586
8,Ardennes,3,57165,44701,43638,1063,2384,14272,7857,1988,462,522,64,486,7159,289,8155
9,Ariège,1,56738,46202,44878,1324,1515,9112,9770,3784,277,618,63,1568,12546,380,5245
9,Ariège,2,60671,49815,48428,1387,1854,11135,9753,3542,279,562,77,1736,12424,419,6647
10,Aube,1,64362,52677,51435,1242,3569,17094,8811,1814,396,470,105,386,6153,399,12238
10,Aube,2,73837,59973,58612,1361,3687,17321,11739,2391,394,475,94,406,7867,436,13802
10,Aube,3,65648,52246,51021,1225,2979,14431,10015,2340,317,442,90,367,8476,482,11082
11,Aude,1,95107,77432,75394,2038,2851,21872,15336,4965,441,913,117,1509,16172,516,10702
11,Aude,2,88881,69630,67868,1762,2617,20242,13088,3793,370,736,108,1149,14396,590,10779
11,Aude,3,88707,73080,71099,1981,2797,18471,14591,4856,384,858,123,1984,15558,677,10800
12,Aveyron,1,76555,64334,62573,1761,3182,9304,16796,3721,344,702,120,2137,10735,432,15100
12,Aveyron,2,69922,57616,55800,1816,2574,8827,14835,3658,381,726,89,1930,12306,464,10010
12,Aveyron,3,71799,59948,58090,1858,2798,10457,13953,3499,381,894,104,2394,11648,408,11554
13,Bouches-du-Rhône,1,78383,60910,59676,1234,2344,17682,11297,2377,186,390,81,486,11609,516,12708
13,Bouches-du-Rhône,2,78743,63057,62155,902,1860,10973,14701,2990,144,337,87,488,9930,499,20146
13,Bouches-du-Rhône,3,73470,53986,52940,1046,1725,16415,9655,2208,172,341,79,390,12898,607,8450
13,Bouches-du-Rhône,4,59654,41604,40851,753,672,5867,8908,3544,194,410,79,270,15969,510,4428
13,Bouches-du-Rhône,5,69043,53192,52226,966,1561,10235,11530,3637,195,414,85,455,13093,465,10556
13,Bouches-du-Rhône,6,75634,57664,56583,1081,2027,14597,11664,2525,190,361,78,415,11256,443,13027
13,Bouches-du-Rhône,7,65369,42492,41652,840,837,10864,7068,2136,248,344,93,230,16092,539,3201
13,Bouches-du-Rhône,8,99985,80128,78268,1860,3942,23403,14961,3188,340,640,139,868,14574,779,15434
13,Bouches-du-Rhône,9,96939,77484,75772,1712,3136,21236,13565,2852,275,568,127,772,15822,662,16757
13,Bouches-du-Rhône,10,106026,87276,85378,1898,3768,26436,16373,3349,304,592,134,876,16397,654,16495
13,Bouches-du-Rhône,11,90215,71286,69914,1372,2718,16081,15900,3087,206,467,111,626,13139,546,17033
13,Bouches-du-Rhône,12,92147,72761,71051,1710,3141,26497,11439,2404,280,527,109,682,13587,598,11787
13,Bouches-du-Rhône,13,93715,73874,72012,1862,2873,23130,10618,2709,451,699,115,742,21520,712,8443
13,Bouches-du-Rhône,14,97727,78769,77192,1577,2874,14655,19111,4194,227,551,137,698,15129,696,18920
13,Bouches-du-Rhône,15,104767,86178,84140,2038,4140,25597,15092,3205,375,681,160,1136,14304,641,18809
13,Bouches-du-Rhône,16,90577,71587,69888,1699,2829,22729,11430,3159,327,684,126,906,15875,551,11272
14,Calvados,1,70096,58020,56869,1151,2178,7161,16648,5342,346,668,82,317,12282,362,11483
14,Calvados,2,67569,54351,53121,1230,2138,9189,14119,4765,436,758,91,341,13307,373,7604
14,Calvados,3,78941,63646,62115,1531,3494,16535,12706,3432,600,897,102,519,11097,479,12254
14,Calvados,4,101077,82259,80644,1615,3897,16753,18909,4203,547,925,136,607,13157,573,20937
14,Calvados,5,89928,74453,72783,1670,3840,15021,18731,4695,467,848,123,546,12024,464,16024
14,Calvados,6,93542,78111,76090,2021,4532,17111,18607,4856,703,1173,157,581,13753,579,14038
15,Cantal,1,63016,51202,49464,1738,2131,8538,14285,2874,350,600,92,1318,8301,311,10664
15,Cantal,2,54409,43456,42102,1354,1916,8103,10192,1936,342,579,106,1522,6265,216,10925
16,Charente,1,84955,65070,63425,1645,2643,11384,17427,4898,425,757,131,828,14148,569,10215
16,Charente,2,84019,66632,64783,1849,3512,14850,15514,3603,526,858,156,1029,11820,473,12442
16,Charente,3,90980,73272,70805,2467,3853,16364,16948,4068,700,1109,163,1228,14787,498,11087
17,Charente-Maritime,1,103263,81172,79586,1586,2947,10383,23118,5954,378,788,134,843,16783,624,17634
17,Charente-Maritime,2,104381,83760,81592,2168,4435,16380,20358,5052,561,1166,137,1144,17221,617,14521
17,Charente-Maritime,3,82245,65128,63073,2055,3573,14157,14350,3795,534,881,132,882,12631,541,11597
17,Charente-Maritime,4,89933,72053,70139,1914,4198,18011,14995,3243,538,964,133,1189,11514,567,14787
17,Charente-Maritime,5,111547,89905,87675,2230,5180,21833,18534,3979,565,1077,156,1218,14342,671,20120
18,Cher,1,72589,56523,54887,1636,2934,11979,12660,3013,467,676,113,594,9846,475,12130
18,Cher,2,70174,53656,52033,1623,2637,12701,11445,2695,540,637,87,510,11765,446,8570
18,Cher,3,86220,67894,65766,2128,3983,17073,13971,3449,623,793,145,821,12083,558,12267
19,Corrèze,1,92693,76425,73613,2812,3532,12448,19440,4793,553,1299,184,2386,16491,520,11967
19,Corrèze,2,92584,74553,72000,2553,3517,12805,19778,4470,498,1020,145,1867,13866,574,13460
21,Côte-d'Or,1,68424,56085,55037,1048,2286,7687,15517,3871,258,422,84,403,9992,499,14018
21,Côte-d'Or,2,68731,55373,54057,1316,2754,11841,13249,3428,297,529,94,440,10165,450,10810
21,Côte-d'Or,3,70372,56394,55026,1368,2934,12789,13312,3650,329,496,102,413,11346,505,9150
21,Côte-d'Or,4,68751,55859,54402,1457,3199,14390,11011,2731,481,695,106,654,9278,457,11400
21,Côte-d'Or,5,84380,68267,66602,1665,3807,17493,14347,3130,430,676,123,725,10078,546,15247
22,Côtes-d'Armor,1,89797,74412,72645,1767,2768,10397,22472,6771,499,981,124,536,15489,476,12132
22,Côtes-d'Armor,2,96816,82743,80769,1974,3603,13994,21777,6179,629,1028,139,720,14729,551,17420
22,Côtes-d'Armor,3,86758,74309,72302,2007,3694,13764,20080,5113,621,1041,120,656,12844,472,13897
22,Côtes-d'Armor,4,78646,66123,64382,1741,2633,11226,16855,5957,677,1270,114,764,15373,400,9113
22,Côtes-d'Armor,5,103941,86754,84871,1883,3260,12322,23785,8240,602,1148,124,878,17578,580,16354
23,Creuse,1,93113,73196,70251,2945,3521,13966,15807,5494,684,1209,174,1352,14827,580,12637
24,Dordogne,1,76207,61235,59451,1784,2593,11980,13597,3997,364,830,105,1204,14868,503,9410
24,Dordogne,2,82465,66306,64553,1753,3003,15374,14184,3610,385,880,131,1730,13364,547,11345
24,Dordogne,3,67497,56140,54090,2050,2623,11660,11625,3293,430,847,116,1315,12127,401,9653
24,Dordogne,4,87851,72819,70616,2203,3205,13030,16539,4883,447,1021,138,1801,16773,677,12102
25,Doubs,1,75233,59287,57867,1420,2618,11514,14415,4182,370,629,92,427,12293,560,10767
25,Doubs,2,78335,63004,61437,1567,2679,11213,15473,4255,379,696,143,503,12551,592,12953
25,Doubs,3,65897,51615,50005,1610,2665,14136,10096,2439,413,684,77,467,8123,561,10344
25,Doubs,4,66908,51217,49711,1506,2557,15651,9669,2745,508,624,85,429,8881,650,7912
25,Doubs,5,82028,67079,65159,1920,4214,14121,14301,2697,381,932,133,706,8955,766,17953
26,Drôme,1,75247,58783,57284,1499,2692,11222,13978,3942,331,605,84,553,11716,635,11526
26,Drôme,2,93273,73412,71501,1911,3912,20262,14825,3522,416,724,132,915,13238,729,12826
26,Drôme,3,106778,88174,85985,2189,4171,18229,18563,5671,541,1104,164,1520,19594,871,15557
26,Drôme,4,94191,75910,73971,1939,4222,19283,15798,4250,908,741,153,880,13489,753,13494
27,Eure,1,86358,68875,67226,1649,3882,19642,13361,3232,536,707,113,536,11098,605,13514
27,Eure,2,78432,64228,62612,1616,3442,18045,12856,3202,524,758,125,454,10721,481,12004
27,Eure,3,84440,69339,67599,1740,4039,20409,12812,3056,550,823,120,553,11165,520,13552
27,Eure,4,89885,71872,70029,1843,4054,19771,14352,3931,498,872,111,488,13989,648,11315
27,Eure,5,88418,71004,69311,1693,3679,20852,13605,3578,525,773,133,571,11871,673,13051
28,Eure-et-Loir,1,89168,72251,70492,1759,4112,14190,17714,4184,442,695,126,587,11776,750,15916
28,Eure-et-Loir,2,74281,57111,55680,1431,3098,14728,11048,3114,400,565,107,408,10457,633,11122
28,Eure-et-Loir,3,70797,56522,55024,1498,3391,14345,11946,2817,465,651,112,465,8486,437,11909
28,Eure-et-Loir,4,67220,55108,53583,1525,3502,15623,10330,2202,510,748,109,482,7316,433,12328
29,Finistère,1,88759,74501,72932,1569,2917,8759,23862,7850,437,1026,103,681,13285,493,13519
29,Finistère,2,78509,61037,59749,1288,2058,7504,17565,8027,279,681,85,408,13015,424,9703
29,Finistère,3,89479,74426,72742,1684,3373,10549,21014,8275,459,901,99,750,13609,529,13184
29,Finistère,4,82219,68467,66994,1473,2449,8422,19452,7320,463,970,127,749,13985,382,12675
29,Finistère,5,94400,79781,78076,1705,3491,10734,23568,8477,463,991,123,771,13909,408,15141
29,Finistère,6,89304,74124,72498,1626,3094,10802,20195,7622,533,1365,108,1039,14586,509,12645
29,Finistère,7,80529,66318,64716,1602,2600,8979,19237,6353,486,1022,101,878,13167,404,11489
29,Finistère,8,87372,71281,69478,1803,2755,11617,19202,6857,518,1294,111,916,14051,548,11609
30,Gard,1,86922,66688,65174,1514,2569,18755,12432,3074,288,535,96,696,14155,725,11849
30,Gard,2,89059,72984,71263,1721,3243,23899,12445,2898,293,582,110,918,13425,614,12836
30,Gard,3,93671,76332,74614,1718,3528,21892,14669,3602,387,688,126,1070,13836,782,14034
30,Gard,4,91115,73678,71894,1784,3110,22123,12969,3305,410,744,116,1146,16404,672,10895
30,Gard,5,95968,77508,75622,1886,2815,20056,14041,4150,443,947,122,1363,20072,726,10887
30,Gard,6,81204,63472,62115,1357,2543,16548,12450,3444,271,548,103,753,13013,577,11865
31,Haute-Garonne,1,83659,64791,63567,1224,1944,7106,18400,6148,234,628,108,963,17061,564,10411
31,Haute-Garonne,2,101370,80650,79012,1638,2960,11212,21746,6711,327,738,130,1225,19703,682,13578
31,Haute-Garonne,3,79396,64386,63263,1123,1913,6378,18467,5333,207,471,102,861,13189,471,15871
31,Haute-Garonne,4,71190,52174,51231,943,1224,4689,13685,5611,187,514,90,597,15570,474,8590
31,Haute-Garonne,5,98451,83070,80938,2132,4115,18274,19367,5299,407,846,156,1600,17652,686,12536
31,Haute-Garonne,6,111612,93783,91652,2131,3932,15952,26580,7298,411,842,162,1562,20529,754,13630
31,Haute-Garonne,7,99799,82824,80707,2117,3627,18858,18567,6089,441,850,149,1738,18256,626,11506
31,Haute-Garonne,8,85552,68654,66712,1942,2706,15719,14213,5025,371,793,125,3186,14321,526,9727
31,Haute-Garonne,9,80368,62324,60993,1331,2036,9246,15729,5918,281,674,123,984,16819,563,8620
31,Haute-Garonne,10,95256,83212,81318,1894,3376,12791,23374,6748,300,760,146,1729,17346,609,14139
32,Gers,1,73499,61848,60177,1671,2606,11204,14525,5103,344,639,92,2631,12388,537,10108
32,Gers,2,71460,60084,58506,1578,2772,12183,13250,4424,333,615,96,2428,10701,500,11204
33,Gironde,1,95058,74906,73593,1313,2115,7117,23142,5888,233,886,115,985,14176,666,18270
33,Gironde,2,65979,51388,50569,819,1030,3035,16118,5664,116,610,65,564,12344,404,10619
33,Gironde,3,81017,62407,61138,1269,1922,6935,17346,6549,244,958,122,1026,18119,568,7349
33,Gironde,4,93636,71151,69524,1627,2958,13794,17129,5774,395,1252,136,1172,17716,718,8480
33,Gironde,5,110593,89627,87495,2132,4239,21123,20493,5383,467,1799,126,1761,18330,642,13132
33,Gironde,6,103656,84280,82511,1769,3591,11566,25626,6930,324,1188,139,1266,17740,686,13455
33,Gironde,7,77005,62208,60820,1388,2436,7160,19183,5664,227,835,106,1044,14216,489,9460
33,Gironde,8,109207,88205,86274,1931,4103,16288,21292,4424,351,1127,174,1887,14730,673,21225
33,Gironde,9,93615,77774,75733,2041,3498,15675,18122,5461,468,1193,155,2018,17212,631,11300
33,Gironde,10,80812,65081,63512,1569,2858,16011,14164,3858,294,985,127,1423,12023,460,11309
33,Gironde,11,92975,74158,72182,1976,3806,22219,14009,4074,502,1331,140,1497,14479,555,9570
33,Gironde,12,83429,69195,67469,1726,2974,14396,15663,4631,359,1069,122,1817,14803,521,11114
34,Hérault,1,84607,66922,65495,1427,2316,14499,14964,3779,215,496,94,726,15177,727,12502
34,Hérault,2,60414,44262,43412,850,885,4766,10671,4122,152,420,64,297,14634,502,6899
34,Hérault,3,85110,70784,69268,1516,2655,13168,17397,4585,202,544,94,763,14758,692,14410
34,Hérault,4,111980,92999,90905,2094,3718,22871,18812,5208,402,883,113,1429,21625,913,14931
34,Hérault,5,94276,76871,74975,1896,2977,22279,13126,4192,411,915,124,1588,17772,651,10940
34,Hérault,6,91224,71229,69694,1535,2592,23726,11855,3016,285,533,97,1052,13329,504,12705
34,Hérault,7,102086,81569,79698,1871,3092,25587,13548,3542,362,717,111,1004,16225,589,14921
34,Hérault,8,88586,70744,69180,1564,2651,17996,14417,4117,261,614,110,841,16527,686,10960
34,Hérault,9,82111,65644,64217,1427,2273,16227,13831,3619,206,538,87,761,13949,655,12071
35,Ille-et-Vilaine,1,89581,73272,71832,1440,2637,7177,24084,8344,443,735,130,416,16437,505,10924
35,Ille-et-Vilaine,2,92235,78994,77508,1486,2592,7035,27141,8171,417,741,134,497,15418,460,14902
35,Ille-et-Vilaine,3,86076,73055,71194,1861,3356,11419,21186,6177,559,884,123,584,14322,465,12119
35,Ille-et-Vilaine,4,90205,76458,74572,1886,4099,14125,20115,5969,621,1104,147,637,15082,526,12147
35,Ille-et-Vilaine,5,103147,88489,86106,2383,4969,13243,25376,5810,780,1085,143,671,14932,568,18529
35,Ille-et-Vilaine,6,86855,73667,71561,2106,3986,13670,19182,5067,677,989,137,680,12273,488,14412
35,Ille-et-Vilaine,7,98661,80628,78876,1752,3276,12755,21956,5419,537,861,106,657,13389,547,19373
35,Ille-et-Vilaine,8,83382,68874,67692,1182,1907,5224,22333,8461,305,666,101,389,16243,435,11628
36,Indre,1,80311,62320,60391,1929,3148,14195,13064,3505,586,771,132,751,11821,512,11906
36,Indre,2,90098,73178,70543,2635,4029,17790,14237,4281,804,986,166,977,13117,586,13570
37,Indre-et-Loire,1,68655,51842,50843,999,1761,5627,13829,4681,286,501,92,350,12101,409,11206
37,Indre-et-Loire,2,88635,73946,72010,1936,4392,15414,17026,4455,526,899,151,606,13385,607,14549
37,Indre-et-Loire,3,97490,80300,78104,2196,4558,15345,19218,4950,659,924,167,712,14809,596,16166
37,Indre-et-Loire,4,90174,73472,71461,2011,3850,14388,16953,4870,665,891,123,690,14051,489,14491
37,Indre-et-Loire,5,83917,69140,67487,1653,3891,13748,16139,3942,470,692,146,571,11585,519,15784
38,Isère,1,83049,66461,65404,1057,1786,5838,21303,5768,214,419,91,400,13382,487,15716
38,Isère,2,77363,59589,58316,1273,2354,11443,15053,4233,329,614,97,526,15055,609,8003
38,Isère,3,59637,44885,43993,892,1618,6892,11727,4096,238,477,68,280,12529,448,5620
38,Isère,4,89807,71971,70360,1611,3461,14296,17762,4840,394,737,127,780,14974,664,12325
38,Isère,5,102333,82579,80745,1834,4029,15746,21522,6022,413,850,136,809,17403,812,13003
38,Isère,6,83217,65637,64038,1599,4037,19982,13358,2888,351,571,111,602,10333,711,11094
38,Isère,7,91433,73857,71680,2177,4553,21150,14929,3471,455,778,136,950,12571,683,12004
38,Isère,8,78602,62581,61009,1572,3589,16113,14064,3325,320,565,95,618,10749,610,10961
38,Isère,9,97285,77571,75579,1992,4135,16265,18883,5120,453,746,152,877,15143,699,13106
38,Isère,10,93640,73231,71390,1841,4211,20185,15490,3889,428,625,127,695,13810,835,11095
39,Jura,1,65565,53023,51469,1554,2875,11901,11509,2709,388,619,97,665,10765,436,9505
39,Jura,2,55264,44525,43290,1235,2750,9872,9042,2120,333,674,100,675,8315,458,8951
39,Jura,3,69503,56260,54810,1450,2908,14337,11345,2760,427,687,88,654,11251,436,9917
40,Landes,1,101405,82387,80018,2369,3978,15736,19360,6919,445,949,137,2826,15564,640,13464
40,Landes,2,112245,91571,89348,2223,3676,14521,22934,6843,400,976,123,3714,18739,710,16712
40,Landes,3,96547,80828,78500,2328,3367,14699,18749,7788,390,950,112,3945,15646,566,12288
41,Loir-et-Cher,1,82778,65549,63944,1605,3714,13867,14998,4584,457,708,111,529,11326,526,13124
41,Loir-et-Cher,2,80317,65289,63494,1795,3930,17968,12471,2912,502,718,154,650,9776,456,13957
41,Loir-et-Cher,3,82226,68158,66300,1858,4002,16827,13170,3460,583,772,139,664,10474,534,15675
42,Loire,1,65602,49553,48392,1161,2141,9713,11854,3638,266,507,76,466,10974,471,8286
42,Loire,2,53156,39147,38360,787,1469,6468,9637,3141,231,400,66,298,9265,422,6963
42,Loire,3,82438,63862,62221,1641,3859,15352,14499,3552,345,613,97,693,11572,609,11030
42,Loire,4,100995,80492,78351,2141,4586,21153,17033,4195,521,867,138,999,15329,664,12866
42,Loire,5,101076,81828,79407,2421,4824,20020,18247,4083,579,854,136,1177,13394,622,15471
42,Loire,6,107542,87089,84636,2453,5810,21516,19407,4089,605,866,154,1408,12854,695,17232
43,Haute-Loire,1,97723,80007,77452,2555,4891,19319,17985,4021,589,1057,160,1480,13591,586,13773
43,Haute-Loire,2,79435,64276,62125,2151,3455,12866,14836,3414,454,871,122,1632,11828,464,12183
44,Loire-Atlantique,1,74879,61436,60406,1030,1820,4523,19814,5729,190,536,96,337,12527,402,14432
44,Loire-Atlantique,2,85800,70574,69424,1150,1610,4375,21370,7727,236,603,82,353,17650,575,14843
44,Loire-Atlantique,3,92183,74606,72867,1739,2683,8566,21577,7532,372,832,114,422,19322,610,10837
44,Loire-Atlantique,4,88921,73652,71982,1670,2818,8107,22057,7223,424,872,114,441,18873,549,10504
44,Loire-Atlantique,5,116188,99582,97228,2354,4577,11641,31292,7772,485,1076,170,709,20124,735,18647
44,Loire-Atlantique,6,109489,92204,89420,2784,4956,17491,21880,5812,740,1405,174,830,17692,681,17759
44,Loire-Atlantique,7,108216,91165,89104,2061,4174,14268,23445,4880,512,1143,154,723,15952,723,23130
44,Loire-Atlantique,8,85491,68601,67073,1528,2872,10998,18364,5703,578,876,104,526,17777,500,8775
44,Loire-Atlantique,9,117855,99687,97107,2580,5665,17873,23907,5988,687,1214,178,927,19550,681,20437
44,Loire-Atlantique,10,114516,99434,96846,2588,5371,13352,28896,6774,561,1061,168,761,18890,673,20339
45,Loiret,1,75641,61445,60090,1355,3127,9476,17390,4120,331,516,109,461,9972,489,14099
45,Loiret,2,85239,67856,66175,1681,3685,13807,16504,4331,441,722,127,571,11473,567,13947
45,Loiret,3,70843,58047,56472,1575,3894,15189,11917,2796,397,623,116,618,8316,544,12062
45,Loiret,4,74602,58877,57311,1566,3614,17171,10864,2477,418,569,123,560,8992,537,11986
45,Loiret,5,74498,59734,58192,1542,3761,16442,11864,2863,460,701,127,553,9484,513,11424
45,Loiret,6,71784,58674,57332,1342,3047,11577,14967,3851,333,524,100,440,9897,459,12137
46,Lot,1,70850,58883,57358,1525,2410,9871,14751,4165,329,777,129,1446,13519,446,9515
46,Lot,2,65472,55092,53429,1663,2140,7994,14776,3786,394,751,97,1627,12495,425,8944
47,Lot-et-Garonne,1,88218,71182,69322,1860,3239,16677,15239,4049,346,755,102,2255,13192,608,12860
47,Lot-et-Garonne,2,77018,62144,60376,1768,3058,16017,11934,3314,357,747,118,2037,11330,495,10969
47,Lot-et-Garonne,3,75695,60800,59124,1676,3110,14577,12080,3276,341,790,107,1791,11496,557,10999
48,Lozère,1,59508,49559,48147,1412,2197,9097,10463,2733,294,683,93,1764,9483,354,10986
49,Maine-et-Loire,1,83953,68496,66823,1673,2987,8798,18757,5176,437,707,98,445,12372,519,16527
49,Maine-et-Loire,2,90343,74359,72299,2060,3484,10020,20630,5537,599,864,124,537,14139,533,15832
49,Maine-et-Loire,3,70395,58144,56421,1723,3380,13908,11447,2947,551,767,115,460,9172,352,13322
49,Maine-et-Loire,4,74248,61790,60004,1786,3601,13192,13776,3270,497,799,114,503,8913,408,14931
49,Maine-et-Loire,5,77305,63809,62088,1721,3638,8973,18788,3506,538,778,97,448,9687,525,15110
49,Maine-et-Loire,6,95358,80469,77821,2648,4862,12805,20990,4873,745,1020,142,656,12857,611,18260
49,Maine-et-Loire,7,77823,65320,63502,1818,3369,10239,17297,4244,493,761,115,434,11153,491,14906
50,Manche,1,87002,71261,69374,1887,3991,15127,17368,4158,617,926,125,497,10952,431,15182
50,Manche,2,95573,78437,76310,2127,4934,14456,18477,4180,737,1073,146,699,11428,544,19636
50,Manche,3,107881,88755,85927,2828,4820,18831,20704,5038,720,1183,198,763,14196,591,18883
50,Manche,4,88648,70449,68835,1614,3307,13206,18134,5862,519,952,154,561,14450,482,11208
51,Marne,1,72050,55826,54730,1096,2811,13040,12971,3140,408,498,102,348,9523,480,11409
51,Marne,2,73074,56980,55808,1172,2840,12664,13337,3059,375,495,88,422,8938,475,13115
51,Marne,3,80714,63037,61643,1394,3712,18081,11887,2652,462,626,116,536,9085,564,13922
51,Marne,4,78833,61702,60239,1463,3555,17091,12319,2918,462,576,109,516,9621,493,12579
51,Marne,5,77025,62886,61349,1537,3978,21597,10444,1914,469,567,110,528,7257,429,14056
52,Haute-Marne,1,72475,57474,55848,1626,3477,15739,11274,2598,498,723,117,682,8958,420,11362
52,Haute-Marne,2,61673,47905,46592,1313,2940,18288,7164,1694,428,510,81,444,6422,393,8228
53,Mayenne,1,72670,60368,58700,1668,2921,9436,16164,3620,501,685,94,415,9488,399,14977
53,Mayenne,2,77756,65352,63301,2051,3489,10075,16522,3496,471,762,107,533,9062,430,18354
53,Mayenne,3,71899,60213,58231,1982,3697,10954,14252,3131,655,795,128,577,8248,353,15441
54,Meurthe-et-Moselle,1,79265,63046,61763,1283,2852,10481,16123,5039,357,660,122,453,12849,575,12252
54,Meurthe-et-Moselle,2,68590,54065,53051,1014,2126,7970,15409,4284,275,480,113,370,10013,534,11477
54,Meurthe-et-Moselle,3,82832,61051,59594,1457,2640,15710,12152,3113,521,850,108,465,15854,534,7647
54,Meurthe-et-Moselle,4,98018,78368,76422,1946,4404,24399,14659,4014,735,945,120,794,13228,640,12484
54,Meurthe-et-Moselle,5,78690,63928,62415,1513,3841,19544,12221,3576,528,746,144,596,10342,601,10276
54,Meurthe-et-Moselle,6,87696,68138,66521,1617,3468,20090,13139,3606,526,802,126,558,15114,574,8518
55,Meuse,1,77360,62394,60814,1580,4000,19725,11690,2865,491,841,126,766,9094,541,10675
55,Meuse,2,60269,47386,46231,1155,2802,14877,9023,2053,395,589,111,528,6926,315,8612
56,Morbihan,1,105402,88673,86871,1802,3637,11225,27188,6394,416,839,168,714,13148,570,22572
56,Morbihan,2,104343,87541,85436,2105,4036,14430,22842,6522,524,1133,147,955,15123,631,19093
56,Morbihan,3,90733,77400,75273,2127,4027,16000,20363,4718,625,1183,149,874,12474,511,14349
56,Morbihan,4,105130,88816,86390,2426,4652,18351,21685,5436,718,1219,172,820,14859,592,17886
56,Morbihan,5,80730,63381,61851,1530,2369,9180,18581,5694,411,721,107,512,12229,436,11611
56,Morbihan,6,90674,75088,73014,2074,3690,13741,19980,5604,597,1214,158,945,14187,509,12389
57,Moselle,1,91406,69768,68093,1675,3058,17667,15685,4043,547,736,111,494,13990,692,11070
57,Moselle,2,76507,59115,57749,1366,3157,13318,13997,3456,359,550,125,479,9867,608,11833
57,Moselle,3,75312,57553,56348,1205,2873,12835,14170,3673,334,621,110,467,9987,532,10746
57,Moselle,4,81516,65655,63974,1681,4994,21566,11131,2582,672,783,146,845,8124,623,12508
57,Moselle,5,74010,57338,55673,1665,3949,18203,10347,2296,593,810,132,1028,7551,588,10176
57,Moselle,6,70169,50516,49213,1303,2840,16574,8312,2302,469,660,110,488,9799,574,7085
57,Moselle,7,90402,69928,68111,1817,4367,22883,12315,3239,704,918,145,707,11547,701,10585
57,Moselle,8,92473,66462,64662,1800,2862,18229,12995,3913,597,978,115,504,16261,831,7377
57,Moselle,9,99476,77436,75394,2042,4425,17267,18786,3976,654,919,173,751,12992,828,14623
58,Nièvre,1,76928,58259,56562,1697,2920,13637,13219,3696,429,683,114,584,11446,445,9389
58,Nièvre,2,82497,65709,63872,1837,3526,16180,14137,4158,575,864,120,781,11633,514,11384
59,Nord,1,61682,45487,44580,907,1243,6894,10702,4649,285,457,69,208,13556,474,6043
59,Nord,2,86550,66304,64829,1475,2280,11678,15483,5828,411,638,111,351,18592,719,8738
59,Nord,3,94050,69250,67539,1711,3213,24608,10739,3176,640,676,101,488,13854,558,9486
59,Nord,4,99215,78576,76916,1660,3485,13634,20464,4927,438,634,155,449,13928,553,18249
59,Nord,5,99888,80993,78927,2066,4404,21834,17140,4611,559,693,157,457,15103,605,13364
59,Nord,6,89060,74761,73139,1622,4010,16583,17764,3803,451,499,108,483,11560,493,17385
59,Nord,7,72350,56043,54756,1287,2503,11021,12590,3168,301,447,98,264,11805,546,12013
59,Nord,8,67704,45538,44326,1212,1559,11074,9047,2975,352,452,75,217,13122,619,4834
59,Nord,9,91893,69878,68656,1222,2416,9493,17196,4330,305,529,99,377,12619,556,20736
59,Nord,10,81911,59179,57748,1431,2925,15515,11436,3032,408,591,87,374,12364,575,10441
59,Nord,11,92042,69871,68327,1544,3131,15402,15082,5326,510,687,124,419,15554,576,11516
59,Nord,12,93593,72524,70655,1869,3961,25451,11237,2910,672,650,114,533,13741,476,10910
59,Nord,13,89193,67296,65156,2140,3124,21483,10873,3740,729,886,117,435,16051,709,7009
59,Nord,14,98767,80458,78277,2181,4770,25531,14282,3545,721,923,153,715,13291,561,13785
59,Nord,15,95832,78487,76432,2055,4522,22788,14747,3588,737,914,122,639,13247,513,14615
59,Nord,16,82976,63553,61849,1704,2634,22920,9238,2997,650,628,111,374,16138,412,5747
59,Nord,17,73591,56797,55377,1420,2562,18212,9685,2838,432,535,104,327,12300,457,7925
59,Nord,18,91651,70785,69004,1781,4309,24584,11721,2843,702,646,130,441,11401,562,11665
59,Nord,19,79065,60741,59244,1497,2481,23318,8731,2935,585,543,87,300,14078,460,5726
59,Nord,20,81085,59254,57718,1536,2816,21696,9102,2538,587,595,110,319,12987,443,6525
59,Nord,21,82570,61820,60348,1472,2897,18311,11464,2772,500,528,106,365,12824,583,9998
60,Oise,1,83057,66236,64485,1751,3462,22370,12260,2952,665,824,117,508,10558,542,10227
60,Oise,2,88723,72046,70238,1808,4181,24600,12628,2936,681,776,140,586,10866,565,12279
60,Oise,3,73830,57369,55816,1553,2945,16511,10476,3028,456,617,106,404,13010,890,7373
60,Oise,4,92482,75001,73480,1521,3880,18405,16260,3229,368,570,123,609,10701,803,18532
60,Oise,5,72727,57679,56309,1370,3088,16875,11802,2787,458,609,93,452,9940,592,9613
60,Oise,6,75206,60269,58826,1443,3100,17998,11809,2568,540,621,116,434,10214,531,10895
60,Oise,7,76060,60231,58639,1592,3280,18429,11445,3025,509,665,132,421,12126,743,7864
61,Orne,1,69542,56906,55412,1494,3091,11988,12806,3177,477,727,112,503,8317,346,13868
61,Orne,2,67550,54969,53686,1283,3132,14441,10022,2285,453,642,115,488,7069,418,14621
61,Orne,3,71642,58519,56959,1560,3421,13103,12987,3197,583,778,123,489,9156,527,12595
62,Pas-de-Calais,1,104255,86888,84541,2347,4806,29692,15177,3571,842,909,145,688,12604,592,15515
62,Pas-de-Calais,2,85270,69313,67509,1804,3470,16303,16214,4317,612,708,122,533,12648,500,12082
62,Pas-de-Calais,3,85594,62747,61016,1731,2292,24370,8664,3410,716,675,105,316,15277,501,4690
62,Pas-de-Calais,4,88511,71852,69860,1992,3731,19005,16375,2881,665,739,99,505,9989,391,15480
62,Pas-de-Calais,5,89795,69276,67658,1618,3118,19552,14247,3902,681,754,129,479,14078,361,10357
62,Pas-de-Calais,6,91172,76250,74176,2074,4548,24616,13628,3616,725,752,145,616,11896,394,13240
62,Pas-de-Calais,7,93184,70571,68658,1913,3614,24632,11790,3294,632,699,117,473,13719,505,9183
62,Pas-de-Calais,8,92986,73568,71595,1973,3625,23579,14360,3604,945,775,129,566,13464,402,10146
62,Pas-de-Calais,9,79203,63374,61663,1711,3409,19587,12064,3107,572,584,104,454,11287,392,10103
62,Pas-de-Calais,10,90289,68183,66278,1905,2898,26364,10113,3759,784,797,114,404,14069,407,6569
62,Pas-de-Calais,11,94861,71295,69354,1941,2780,28556,10088,3682,665,760,92,391,16039,603,5698
62,Pas-de-Calais,12,95248,72857,70844,2013,3136,29891,10962,3941,828,850,107,407,14272,436,6014
63,Puy-de-Dôme,1,83422,63459,61686,1773,2306,9538,18118,5292,405,729,130,792,14961,578,8837
63,Puy-de-Dôme,2,87847,71099,68869,2230,3330,13625,17512,4843,587,1036,141,1515,14781,550,10949
63,Puy-de-Dôme,3,89014,71427,69586,1841,2742,8812,20907,5361,413,774,164,1412,13551,471,14979
63,Puy-de-Dôme,4,98579,79589,77257,2332,3526,13259,21289,5617,598,1089,181,1532,18008,599,11559
63,Puy-de-Dôme,5,102077,82002,79169,2833,3731,17796,18971,4701,696,1102,139,2097,17116,712,12108
64,Pyrénées-Atlantiques,1,68721,54828,53537,1291,2115,7528,15837,4517,198,578,71,2208,11042,417,9026
64,Pyrénées-Atlantiques,2,80056,65853,64376,1477,2657,9984,18992,4752,244,667,82,3549,12131,449,10869
64,Pyrénées-Atlantiques,3,82776,67411,65718,1693,2653,10962,16752,5441,334,843,75,5391,13684,460,9123
64,Pyrénées-Atlantiques,4,80215,65443,63889,1554,2161,7535,14272,4654,389,1647,92,10290,12527,363,9959
64,Pyrénées-Atlantiques,5,90986,72547,70953,1594,2575,9515,18681,5701,268,1016,86,3514,14900,616,14081
64,Pyrénées-Atlantiques,6,99624,78939,77180,1759,2566,8852,19424,5524,366,1620,102,4930,14519,477,18800
65,Hautes-Pyrénées,1,88376,70555,68694,1861,2835,12297,17749,5200,371,815,90,3322,16385,489,9141
65,Hautes-Pyrénées,2,89314,72860,70995,1865,3041,13650,17321,4735,396,760,110,3606,15763,534,11079
66,Pyrénées-Orientales,1,70971,54354,53092,1262,1937,14811,10380,2746,272,531,100,718,11380,468,9749
66,Pyrénées-Orientales,2,96684,76755,74794,1961,2776,25581,12954,3045,406,792,125,1222,14390,582,12921
66,Pyrénées-Orientales,3,83066,65248,63416,1832,2255,17473,11743,3773,343,838,109,1252,14425,572,10633
66,Pyrénées-Orientales,4,97193,77573,75485,2088,2773,22304,14168,3891,456,892,119,1442,16197,681,12562
67,Bas-Rhin,1,60939,47976,47239,737,1098,4602,13528,4631,186,428,61,286,11723,596,10100
67,Bas-Rhin,2,69497,53828,52813,1015,1990,8284,14019,4710,311,519,103,450,12061,679,9687
67,Bas-Rhin,3,68848,52744,51700,1044,2251,8704,13129,3852,296,479,87,416,11281,734,10471
67,Bas-Rhin,4,94497,77370,75783,1587,4713,16195,19073,3828,419,600,132,681,10101,747,19294
67,Bas-Rhin,5,104112,83894,81547,2347,6239,22978,16831,3567,786,1035,171,1003,10807,922,17208
67,Bas-Rhin,6,96017,77766,75833,1933,5625,20807,15836,3341,629,843,189,985,9670,777,17131
67,Bas-Rhin,7,85409,69311,67470,1841,5595,21499,12568,2470,752,818,144,946,7557,778,14343
67,Bas-Rhin,8,94578,75710,73535,2175,6345,24218,13435,2479,885,1047,154,881,7156,784,16151
67,Bas-Rhin,9,92642,73903,72185,1718,5443,20427,14928,3053,559,780,156,772,8064,824,17179
68,Haut-Rhin,1,76090,59601,57972,1629,3708,15018,12663,2944,477,672,148,675,8158,812,12697
68,Haut-Rhin,2,92204,74865,72782,2083,5433,19220,14668,3370,598,897,176,1145,10154,852,16269
68,Haut-Rhin,3,85592,68990,67045,1945,5540,18098,12058,2426,486,725,178,853,7690,766,18225
68,Haut-Rhin,4,102537,82494,80093,2401,6282,25916,14107,3334,697,1078,195,989,11434,1028,15033
68,Haut-Rhin,5,77394,58622,56934,1688,3176,11931,13012,3330,349,539,129,604,9227,786,13851
68,Haut-Rhin,6,92373,71122,69084,2038,4423,19521,13290,3290,494,816,184,738,11193,973,14162
69,Rhône,1,69433,54934,53964,970,1753,6190,16094,4644,236,467,108,386,12709,552,10825
69,Rhône,2,74964,60516,59654,862,1212,4116,17625,5887,190,486,85,322,15388,455,13888
69,Rhône,3,72007,57893,56940,953,1545,5129,17266,5784,221,480,102,345,14070,578,11420
69,Rhône,4,80092,64916,63949,967,1689,5331,20083,5068,191,407,105,370,11396,553,18756
69,Rhône,5,88108,70023,68830,1193,2624,9103,19506,3808,211,416,83,432,9833,580,22234
69,Rhône,6,82377,60860,59637,1223,2052,7816,16539,5461,347,551,101,368,15791,717,9894
69,Rhône,7,67959,47412,46467,945,1733,8095,11268,3484,248,448,77,296,12340,662,7816
69,Rhône,8,102508,82892,81005,1887,4816,16314,19402,3929,423,625,137,770,11726,746,22117
69,Rhône,9,91672,73441,71703,1738,4196,17240,16194,3609,323,647,109,714,10509,711,17451
69,Rhône,10,95232,78480,76899,1581,4892,13591,20248,4079,304,535,128,696,10956,710,20760
69,Rhône,11,92433,74078,72323,1755,3997,16923,17628,3723,375,601,119,699,13423,730,14105
69,Rhône,12,79772,63752,62586,1166,2679,8688,17637,3950,311,432,96,466,10703,567,17057
69,Rhône,13,84726,66040,64640,1400,3351,15408,15715,3297,261,499,104,475,11198,781,13551
69,Rhône,14,74321,51294,49915,1379,1890,10532,10932,3371,420,552,92,364,15009,846,5907
70,Haute-Saône,1,88490,71792,69507,2285,4343,20688,14097,3157,613,967,138,727,10533,583,13661
70,Haute-Saône,2,90724,72446,70015,2431,3833,23065,13235,3439,712,1054,129,785,11617,623,11523
71,Saône-et-Loire,1,72884,57705,56131,1574,3459,11457,13572,3761,313,555,99,570,9843,529,11973
71,Saône-et-Loire,2,78438,63017,60953,2064,4386,14255,13368,3180,490,678,107,750,10384,432,12923
71,Saône-et-Loire,3,82777,65159,63205,1954,3598,16089,14248,4007,444,756,104,593,10623,477,12266
71,Saône-et-Loire,4,82320,64973,62873,2100,4165,17670,12710,3552,475,770,98,656,11060,536,11181
71,Saône-et-Loire,5,89999,68780,66789,1991,3353,15787,15314,4684,479,829,102,584,13339,561,11757
72,Sarthe,1,71726,59534,57959,1575,2331,10205,12710,3474,363,610,107,364,9966,361,17468
72,Sarthe,2,81903,65446,63540,1906,2523,13390,13421,3881,461,702,114,373,12870,447,15358
72,Sarthe,3,85273,70320,68274,2046,3108,16409,12086,3217,660,821,114,541,11521,444,19353
72,Sarthe,4,79619,65766,63920,1846,2550,12496,12085,3075,447,706,109,401,11588,374,20089
72,Sarthe,5,86919,70797,68751,2046,3145,14583,14316,3548,521,726,103,462,10906,448,19993
73,Savoie,1,86996,70432,68743,1689,4078,15293,16344,3553,319,643,108,892,11441,673,15399
73,Savoie,2,75951,59510,57951,1559,3535,12774,11962,2644,289,706,110,840,10487,629,13975
73,Savoie,3,72640,58448,56997,1451,3270,13915,13132,3168,334,645,111,733,10387,579,10723
73,Savoie,4,74650,59101,57868,1233,2790,10466,14433,4387,277,584,101,687,12698,727,10718
74,Haute-Savoie,1,100828,82487,80487,2000,4987,14197,21617,4301,356,747,173,867,12040,866,20336
74,Haute-Savoie,2,95025,76753,74992,1761,4338,12175,19805,4425,313,683,135,846,12398,933,18941
74,Haute-Savoie,3,82253,65847,64130,1717,4409,14224,14012,3411,317,733,141,729,10828,708,14618
74,Haute-Savoie,4,86717,64033,62569,1464,3353,11680,15174,3459,296,690,141,613,10650,985,15528
74,Haute-Savoie,5,96156,74183,72306,1877,4209,13893,16524,3647,396,767,132,806,11878,954,19100
74,Haute-Savoie,6,79054,60455,59014,1441,3489,11750,13042,2562,241,643,105,788,9285,575,16534
75,Paris,1,80756,69528,68817,711,832,2666,26972,5223,104,263,68,315,8285,419,23670
75,Paris,2,71736,62434,61756,678,806,2359,22824,4494,97,262,68,331,7105,352,23058
75,Paris,3,68669,57234,56415,819,1059,2986,20793,5808,153,386,90,277,11402,473,12988
75,Paris,4,69718,59710,59167,543,770,2455,16987,2096,55,115,51,229,3950,266,32193
75,Paris,5,75853,64068,63251,817,760,2432,25205,8306,172,402,67,284,14474,431,10718
75,Paris,6,76611,63699,62752,947,890,2861,21475,9139,215,552,80,295,18164,474,8607
75,Paris,7,76041,65009,64174,835,917,2655,25949,7677,163,417,74,324,13231,426,12341
75,Paris,8,82156,68643,67551,1092,1597,4211,23569,7627,217,464,122,412,14422,560,14350
75,Paris,9,68343,56640,55593,1047,1212,3703,19087,6539,223,510,111,347,13698,570,9593
75,Paris,10,67293,55608,54704,904,1244,3649,18896,6447,202,407,94,330,12716,563,10156
75,Paris,11,70966,61208,60477,731,917,2502,23464,6338,157,350,92,304,9765,443,16145
75,Paris,12,73940,63774,63007,767,1078,2842,22532,4209,115,242,73,331,6893,425,24267
75,Paris,13,75350,63520,62648,872,1424,3666,22370,5162,150,342,82,364,9044,532,19512
75,Paris,14,72316,61919,61400,519,879,2556,16742,1953,53,118,50,194,3559,297,34999
75,Paris,15,76216,61502,60490,1012,1203,3733,18721,8257,240,610,100,337,18514,612,8163
75,Paris,16,70283,55878,54968,910,909,3136,16446,7263,249,461,74,284,16776,510,8860
75,Paris,17,58153,44769,43895,874,706,2682,12374,5725,179,456,72,222,14996,519,5964
75,Paris,18,67237,56294,55494,800,794,2625,20600,7287,153,442,104,310,13554,465,9160
76,Seine-Maritime,1,65496,51006,49980,1026,1537,5993,13936,4448,213,499,80,271,11768,416,10819
76,Seine-Maritime,2,94778,78572,76823,1749,4016,16360,19169,4365,413,715,137,473,12903,585,17687
76,Seine-Maritime,3,69575,53599,52262,1337,1904,10954,11208,4486,429,786,97,267,16386,508,5237
76,Seine-Maritime,4,88340,68900,66981,1919,2882,17424,13969,5309,585,988,116,398,17315,671,7324
76,Seine-Maritime,5,96251,78197,76215,1982,4016,21230,16154,4667,681,1057,165,510,15626,565,11544
76,Seine-Maritime,6,109605,88167,85855,2312,4455,26900,15772,3551,813,972,164,616,15797,510,16305
76,Seine-Maritime,7,87582,68594,66836,1758,2996,12917,15760,3906,359,662,117,454,15895,455,13315
76,Seine-Maritime,8,67636,48656,47319,1337,1799,11245,8427,2740,327,549,89,232,16514,409,4988
76,Seine-Maritime,9,93651,77721,75688,2033,4445,21642,14077,3807,703,1014,134,558,15634,512,13162
76,Seine-Maritime,10,108744,90952,88567,2385,4986,26280,17284,4237,833,1079,179,604,14556,574,17955
77,Seine-et-Marne,1,70891,53605,52331,1274,3112,10356,12598,2910,295,495,96,397,10671,617,10784
77,Seine-et-Marne,2,79697,63932,62569,1363,3582,13232,14689,3518,356,580,127,495,10680,665,14645
77,Seine-et-Marne,3,75449,60551,59060,1491,3767,15273,12042,3483,320,555,98,445,12390,704,9983
77,Seine-et-Marne,4,87907,70574,68455,2119,4392,22392,11829,2946,435,680,132,605,11687,654,12703
77,Seine-et-Marne,5,84928,68150,66449,1701,4348,17511,14272,3130,367,594,136,562,12264,801,12464
77,Seine-et-Marne,6,78045,61843,60220,1623,3723,16584,12504,3142,353,583,99,461,12682,690,9399
77,Seine-et-Marne,7,85317,68341,66680,1661,3852,16232,14820,3480,360,569,118,454,14754,864,11177
77,Seine-et-Marne,8,89117,71428,69686,1742,3791,11528,19772,4527,313,622,132,518,14748,796,12939
77,Seine-et-Marne,9,85704,67397,65859,1538,4846,13905,16269,3723,349,569,122,466,13077,763,11770
77,Seine-et-Marne,10,79711,61763,60146,1617,2799,9539,16168,4438,311,574,107,438,15702,932,9138
77,Seine-et-Marne,11,64792,50672,49136,1536,3293,8969,12351,3475,247,533,80,341,13172,709,5966
78,Yvelines,1,83366,69321,68224,1097,2355,6109,20452,5332,181,395,114,432,9913,699,22242
78,Yvelines,2,85323,72476,71281,1195,3028,7546,23015,4627,209,407,144,546,9737,651,21371
78,Yvelines,3,83492,68964,67971,993,2293,6157,20030,3738,174,367,98,416,7694,479,26525
78,Yvelines,4,78395,65356,64276,1080,2439,5985,21680,4159,178,355,96,405,8900,575,19504
78,Yvelines,5,73673,59389,58422,967,1988,5744,18526,3577,184,374,100,337,8946,543,18103
78,Yvelines,6,75762,60130,59077,1053,2106,6195,18244,3420,188,395,105,398,8989,597,18440
78,Yvelines,7,80529,64416,63076,1340,3113,9850,17946,4552,306,549,108,528,11761,700,13663
78,Yvelines,8,73760,55831,54356,1475,2613,11838,11864,3514,337,586,116,406,14323,858,7901
78,Yvelines,9,90878,73571,71798,1773,4074,15110,16860,4209,421,632,135,559,13519,927,15352
78,Yvelines,10,88776,74843,73434,1409,3892,10322,20483,5058,282,516,147,597,11482,780,19875
78,Yvelines,11,68238,53079,51871,1208,2303,6272,13794,6622,197,417,95,363,11277,685,9846
78,Yvelines,12,68956,56287,55148,1139,2702,6896,16169,3756,215,455,100,384,9804,654,14013
79,Deux-Sèvres,1,90245,72468,70522,1946,3261,9862,21366,5983,510,998,118,780,15069,520,12055
79,Deux-Sèvres,2,97393,79384,76832,2552,4050,15235,19434,5464,780,1337,157,1058,15714,535,13068
79,Deux-Sèvres,3,84747,69377,67044,2333,4045,13543,17026,3503,579,1148,118,761,10826,423,15072
80,Somme,1,84262,65043,63203,1840,2662,18207,14488,3281,605,733,98,434,13702,468,8525
80,Somme,2,75497,59835,58532,1303,2429,11051,16973,3594,420,586,110,361,12221,511,10276
80,Somme,3,83829,68974,66823,2151,3565,22271,12664,2432,710,737,141,571,11551,353,11828
80,Somme,4,83987,69382,67490,1892,3703,22234,14057,2697,677,786,142,522,11024,500,11148
80,Somme,5,81439,65291,63588,1703,3103,23318,11338,2256,699,819,88,477,10993,440,10057
81,Tarn,1,83800,68919,66902,2017,3284,14582,15363,4338,364,698,124,2221,12496,469,12963
81,Tarn,2,106028,87484,84966,2518,4065,18522,18766,6343,546,1056,162,2340,19522,670,12974
81,Tarn,3,101366,84284,81889,2395,4091,19298,17626,4849,487,967,153,2544,16076,683,15115
82,Tarn-et-Garonne,1,89963,73906,72053,1853,3441,17463,15510,4503,384,720,129,1679,13924,650,13650
82,Tarn-et-Garonne,2,93378,76812,74748,2064,3792,21720,14809,4064,446,853,137,1981,13917,687,12342
83,Var,1,74822,55392,54273,1119,2308,13813,10631,2327,204,411,96,606,9140,598,14139
83,Var,2,90494,70261,68589,1672,3512,21476,12615,2577,284,529,107,880,11838,587,14184
83,Var,3,100795,80778,79055,1723,3723,21927,15044,2936,279,558,128,959,11851,740,20910
83,Var,4,106247,83937,82237,1700,3804,25768,12945,2257,293,629,142,907,10699,805,23988
83,Var,5,96198,76015,74586,1429,3522,23067,12697,2039,250,461,97,619,8866,728,22240
83,Var,6,118396,95178,93049,2129,4800,30956,16156,3325,333,718,141,1170,15415,832,19203
83,Var,7,103518,80258,78570,1688,3485,22451,14523,2650,289,543,131,813,12796,646,20243
83,Var,8,104307,83851,82079,1772,4023,26918,13986,2978,342,806,135,979,13579,924,17409
84,Vaucluse,1,72960,55156,53964,1192,1880,13135,10945,3117,238,486,113,532,14033,605,8880
84,Vaucluse,2,83274,67528,65997,1531,3163,19885,12596,2847,256,531,104,881,11902,517,13315
84,Vaucluse,3,75536,60960,59574,1386,2934,21066,9656,2161,283,496,100,726,10738,495,10919
84,Vaucluse,4,88713,71870,70021,1849,3538,23642,12057,2436,336,652,127,1015,11935,640,13643
84,Vaucluse,5,81840,66207,64672,1535,2937,18202,12954,2992,275,639,99,835,12244,633,12862
85,Vendée,1,109546,92446,89684,2762,5141,16081,24770,5026,710,1171,167,749,14245,585,21039
85,Vendée,2,103483,86887,84311,2576,4726,15676,22695,4758,635,1035,140,794,13689,563,19600
85,Vendée,3,122127,100089,97606,2483,5599,19531,23726,4244,642,959,128,881,13437,662,27797
85,Vendée,4,97831,84741,81852,2889,4996,12411,22801,3908,759,1178,164,701,11591,494,22849
85,Vendée,5,81455,67412,65377,2035,3749,13891,15997,3420,548,876,97,685,10194,401,15519
86,Vienne,1,79610,63693,61953,1740,2858,10387,16918,5088,488,948,133,726,13932,501,9974
86,Vienne,2,77533,63040,61462,1578,2877,8277,17506,5318,417,845,123,652,13769,456,11222
86,Vienne,3,74137,59847,57780,2067,3172,13124,13032,3437,639,1014,146,836,10839,483,11058
86,Vienne,4,75734,58307,56553,1754,3013,15236,11690,3018,530,835,158,647,10521,456,10449
87,Haute-Vienne,1,85076,68242,65979,2263,2755,11673,17895,5484,559,933,141,1034,15406,470,9629
87,Haute-Vienne,2,97847,80324,77529,2795,3555,14289,20154,5487,700,1133,155,1383,17149,559,12965
87,Haute-Vienne,3,83399,67133,64907,2226,2975,11975,17528,5165,591,978,144,1101,13994,528,9928
88,Vosges,1,77066,60823,59116,1707,3515,15944,12582,3261,466,748,104,641,10270,561,11024
88,Vosges,2,73276,57939,56208,1731,3353,18607,10574,2754,529,804,100,639,9183,623,9042
88,Vosges,3,65636,53446,51719,1727,3667,13562,10463,2517,513,877,129,799,8649,584,9959
88,Vosges,4,66634,54011,52459,1552,3788,15811,9985,2355,496,800,122,671,8422,455,9554
89,Yonne,1,76975,61065,59559,1506,3779,14870,12950,3243,407,640,119,736,9772,629,12414
89,Yonne,2,75754,59367,57865,1502,3683,16906,11245,2644,472,725,107,636,9938,477,11032
89,Yonne,3,89189,68747,67129,1618,4206,20864,12039,2959,501,763,115,615,11105,669,13293
90,Territoire de Belfort,1,47813,36902,35858,1044,1971,10171,7220,1985,256,424,83,326,6421,454,6547
90,Territoire de Belfort,2,47477,36750,35716,1034,1799,9078,7551,2204,336,462,84,343,7251,487,6121
91,Essonne,1,71168,52662,51130,1532,2531,8159,12905,3710,327,628,103,369,15182,787,6429
91,Essonne,2,90695,73950,72144,1806,5047,17574,15783,3623,404,669,145,583,13730,805,13781
91,Essonne,3,95774,79049,77184,1865,4980,15201,19088,5058,372,723,153,655,15793,848,14313
91,Essonne,4,96472,80538,78794,1744,5157,13375,21973,5108,340,720,151,630,14394,894,16052
91,Essonne,5,68257,56996,56010,986,2077,4434,19213,4478,185,387,130,400,10670,555,13481
91,Essonne,6,81929,65706,64391,1315,3077,8227,19262,5414,280,534,149,437,14645,827,11539
91,Essonne,7,74142,57305,55996,1309,3384,9656,14134,4012,278,510,98,441,13101,768,9614
91,Essonne,8,76390,61222,60107,1115,11222,7790,14360,3695,190,443,89,264,12394,653,9007
91,Essonne,9,79226,63217,61827,1390,4869,10292,15496,3946,283,551,122,379,13700,756,11433
91,Essonne,10,61174,47142,45904,1238,2449,7753,11175,3028,265,590,101,310,12783,621,6829
92,Hauts-de-Seine,1,62383,46354,44933,1421,1081,5176,10641,3691,245,457,76,267,17266,946,5087
92,Hauts-de-Seine,2,67876,56215,55117,1098,1316,3795,18749,4388,181,364,96,323,10355,560,14990
92,Hauts-de-Seine,3,81028,66839,65562,1277,1919,4771,22775,4345,153,348,104,362,9227,651,20907
92,Hauts-de-Seine,4,76065,61068,59664,1404,1702,5699,18044,4616,232,490,120,351,15799,868,11743
92,Hauts-de-Seine,5,70269,58598,57589,1009,1357,4231,18001,4035,176,381,103,309,10756,668,17572
92,Hauts-de-Seine,6,74221,63728,62820,908,1273,4062,17645,2681,125,291,79,300,6369,465,29530
92,Hauts-de-Seine,7,86563,72662,71569,1093,2002,5189,23749,3913,177,331,133,470,8452,591,26562
92,Hauts-de-Seine,8,68737,58056,57164,892,1520,3837,19423,3909,152,322,80,375,8192,557,18797
92,Hauts-de-Seine,9,68013,54673,53924,749,1027,2633,17616,2601,68,182,65,255,5346,383,23748
92,Hauts-de-Seine,10,80592,65342,64121,1221,1675,4256,23290,5612,161,367,107,374,11119,656,16504
92,Hauts-de-Seine,11,69206,56339,55214,1125,1504,4784,17261,5582,272,540,88,364,15421,623,8775
92,Hauts-de-Seine,12,92760,76062,74589,1473,2726,7106,24289,6069,305,551,150,517,14156,790,17930
92,Hauts-de-Seine,13,89017,74079,72492,1587,2257,5192,25204,5672,200,409,144,480,12831,695,19408
93,Seine-Saint-Denis,1,61738,42824,41810,1014,918,4065,10541,4094,275,501,91,211,16059,728,4327
93,Seine-Saint-Denis,2,54054,35854,34767,1087,647,3927,7671,3182,262,502,81,171,15006,638,2680
93,Seine-Saint-Denis,3,72227,57056,55658,1398,2458,7867,15867,4208,287,563,103,383,14077,736,9109
93,Seine-Saint-Denis,4,60819,42520,41093,1427,1049,6208,8491,3125,257,478,86,213,16620,711,3855
93,Seine-Saint-Denis,5,63728,44032,42677,1355,1293,7009,9547,2744,289,499,87,243,15468,741,4757
93,Seine-Saint-Denis,6,52564,37304,36347,957,683,3806,8753,3725,333,360,76,177,14219,509,3706
93,Seine-Saint-Denis,7,75987,56271,55072,1199,1010,4854,13631,6428,296,778,95,299,22093,719,4869
93,Seine-Saint-Denis,8,60044,46589,45333,1256,1977,7174,11568,3251,209,411,112,326,11016,590,8699
93,Seine-Saint-Denis,9,70118,51972,50707,1265,1352,5705,12443,5179,328,547,106,317,17417,705,6608
93,Seine-Saint-Denis,10,68564,49205,47869,1336,1792,6923,10976,3730,254,517,83,284,15317,967,7026
93,Seine-Saint-Denis,11,62536,44591,43298,1293,1422,7049,9880,2773,252,497,89,253,15543,874,4666
93,Seine-Saint-Denis,12,64515,47724,46571,1153,2000,8947,10735,3067,193,397,79,283,11288,821,8761
94,Val-de-Marne,1,84583,69044,67653,1391,2944,6764,19932,4587,223,502,121,459,12682,761,18678
94,Val-de-Marne,2,63262,49110,47728,1382,1923,5763,12025,3983,380,508,96,284,15346,785,6635
94,Val-de-Marne,3,72042,56194,54761,1433,4319,9230,12753,3537,235,505,89,348,13915,761,9069
94,Val-de-Marne,4,72443,58861,57555,1306,3270,8544,15991,3476,217,470,94,391,11487,680,12935
94,Val-de-Marne,5,89365,69474,68054,1420,2666,7305,20338,4546,234,441,132,473,14428,731,16760
94,Val-de-Marne,6,81214,66773,65677,1096,1868,4653,22014,5558,196,446,118,397,13133,531,16763
94,Val-de-Marne,7,65531,50973,49803,1170,2383,6045,14778,3955,246,466,81,326,11994,585,8944
94,Val-de-Marne,8,76702,62989,61705,1284,2578,6562,18700,4661,258,405,106,429,11473,632,15901
94,Val-de-Marne,9,53598,40395,39344,1051,1404,5105,9699,3851,259,410,77,253,12314,571,5401
94,Val-de-Marne,10,64408,50154,49022,1132,1449,5055,12648,4566,266,593,89,306,17655,725,5670
94,Val-de-Marne,11,62392,47505,46485,1020,1448,4852,13324,4508,235,480,63,291,14685,541,6058
95,Val-d'Oise,1,81533,66323,64695,1628,3500,14338,14996,3805,329,646,113,548,13325,729,12366
95,Val-d'Oise,2,76435,61294,59788,1506,3291,11244,15082,3943,309,464,116,477,12661,810,11391
95,Val-d'Oise,3,91564,72707,71023,1684,3815,12719,18833,4608,271,608,130,550,15042,941,13506
95,Val-d'Oise,4,76024,59445,58119,1326,3014,8667,16365,4058,311,487,115,456,11980,690,11976
95,Val-d'Oise,5,68513,50559,49262,1297,1599,7434,11810,3893,354,498,83,314,16515,828,5934
95,Val-d'Oise,6,76338,58615,57439,1176,2175,7657,16214,3891,230,451,81,431,12300,742,13267
95,Val-d'Oise,7,69534,53831,51575,2256,2093,7803,12942,3233,221,404,90,345,11072,641,12731
95,Val-d'Oise,8,54205,37439,36330,1109,906,5390,7955,2790,189,411,79,180,12079,753,5598
95,Val-d'Oise,9,69895,51714,50259,1455,2278,11389,10846,3232,294,540,80,369,12792,841,7598
95,Val-d'Oise,10,66456,51010,49648,1362,2119,7517,13709,4065,244,531,91,305,13576,727,6764
2A,Corse-du-Sud,1,50859,35144,34173,971,998,9724,6601,1339,89,309,51,2006,4716,226,8114
2A,Corse-du-Sud,2,57922,39879,38695,1184,1220,11134,6421,1207,129,348,66,1942,5369,259,10600
2B,Haute-Corse,1,58797,40348,39215,1133,1083,11172,7111,1577,132,336,74,1916,5734,235,9845
2B,Haute-Corse,2,66078,43620,42293,1327,1161,11011,8395,1657,145,381,62,2847,5495,245,10894
ZA,Guadeloupe,1,76361,29148,25374,3774,425,3331,8289,2507,531,588,108,161,6069,278,3087
ZA,Guadeloupe,2,86914,35335,31087,4248,585,4677,9110,2622,497,590,65,147,7625,384,4785
ZA,Guadeloupe,3,83768,35015,31788,3227,599,4062,10075,3059,450,613,83,188,7833,397,4429
ZA,Guadeloupe,4,69302,27153,23993,3160,433,3089,6456,2977,494,509,70,154,5554,253,4004
ZB,Martinique,1,79411,33199,28954,4245,629,3372,7105,2679,665,903,116,214,7805,374,5092
ZB,Martinique,2,81795,33832,29510,4322,595,3460,7987,2601,625,823,103,239,7403,332,5342
ZB,Martinique,3,65881,26410,23474,2936,446,2215,5924,3108,460,710,82,193,6454,319,3563
ZB,Martinique,4,83725,30516,27326,3190,668,2902,6877,2273,503,781,72,224,8241,382,4403
ZC,Guyane,1,53535,20753,17223,3530,303,4153,3152,980,318,960,57,166,4225,324,2585
ZC,Guyane,2,39400,11172,9616,1556,169,2368,1879,549,144,445,41,107,2408,156,1350
ZD,La Réunion,1,80368,49555,47150,2405,1314,9864,11084,3518,507,509,101,236,10052,851,9114
ZD,La Réunion,2,92748,51440,47702,3738,1293,9475,8709,2642,754,642,140,281,15034,848,7884
ZD,La Réunion,3,92629,56106,51490,4616,1821,14913,8184,3314,911,730,151,319,12309,1022,7816
ZD,La Réunion,4,104763,67062,62470,4592,1734,13691,9154,8476,847,793,163,325,14050,1019,12218
ZD,La Réunion,5,83034,44502,41780,2722,1083,11480,7829,2889,809,507,100,189,9474,650,6770
ZD,La Réunion,6,75685,42893,40510,2383,1151,10847,8131,2473,579,498,116,235,9492,570,6418
ZD,La Réunion,7,110254,63694,59378,4316,1727,11949,13201,3560,783,698,173,354,15576,1069,10288
ZM,Mayotte,1,37794,16570,15045,1525,439,3934,3766,845,146,283,77,101,1431,215,3808
ZM,Mayotte,2,45253,19617,18085,1532,580,5074,2598,589,188,338,86,81,1358,193,7000
ZN,Nouvelle-Calédonie,1,84944,42059,40427,1632,1301,10582,5792,2522,335,495,95,350,4003,1074,13878
ZN,Nouvelle-Calédonie,2,104539,49167,46519,2648,1220,14708,5297,5603,501,789,145,345,3700,1024,13187
ZP,Polynésie française,1,72516,30495,28966,1529,681,9486,3974,894,260,303,78,184,2215,424,10467
ZP,Polynésie française,2,66640,24195,23048,1147,486,7908,3844,585,227,236,64,105,1702,334,7557
ZP,Polynésie française,3,64784,24723,23608,1115,600,7210,3301,724,202,216,59,158,2035,448,8655
ZS,Saint-Pierre-et-Miquelon,1,4966,2728,2632,96,79,478,473,217,28,64,9,54,933,36,261
ZW,Wallis et Futuna,1,8464,5411,5348,63,79,380,1630,1349,54,41,18,29,192,50,1526
ZX,Saint-Martin/Saint-Barthélemy,1,25385,8183,7865,318,216,1834,1572,247,35,92,18,68,1153,112,2518
ZZ,Français établis hors de France,1,199931,80643,79911,732,1130,4790,36095,5668,141,369,122,279,13646,691,16980
ZZ,Français établis hors de France,2,74767,24414,24109,305,216,1680,9155,1442,51,152,47,114,4673,244,6335
ZZ,Français établis hors de France,3,120576,58751,58234,517,790,1833,29273,4497,130,315,92,192,7807,470,12835
ZZ,Français établis hors de France,4,123130,68293,67750,543,1220,4481,26268,6009,195,527,154,331,11899,564,16102
ZZ,Français établis hors de France,5,91263,35144,34759,385,671,3403,12169,2417,101,269,60,171,6199,255,9044
ZZ,Français établis hors de France,6,127368,66564,65823,741,1598,5318,22846,3854,162,559,172,369,9921,782,20242
ZZ,Français établis hors de France,7,105776,54283,53817,466,830,2192,28521,4755,118,404,96,227,6678,401,9595
ZZ,Français établis hors de France,8,121400,28821,28570,251,454,2065,10406,1403,103,184,51,126,3192,184,10402
ZZ,Français établis hors de France,9,107607,43358,42883,475,490,2028,14599,2708,102,234,78,191,10894,471,11088
ZZ,Français établis hors de France,10,99748,48860,48186,674,728,4731,14915,2343,113,202,83,241,5901,568,18361
ZZ,Français établis hors de France,11,92547,50599,50077,522,710,3405,19632,2996,96,199,75,289,6882,948,14845
